1,heads?
2,it?
58,remove
1,gives
2,myself
27,change
1,headers.
2,handlings
1,HandleAsset
1,read
1,effected
1,Important
149,
2,spelling
4,what
1,8.1.0
1,onboard
6,else
1,received"
1,hanged
18,used
1,Started.
33,method
8,For
2,China
8,passing
4,does
2,demand.
1,Lots
216,this
3,list
1,token)
2,""Previous"""
1,fix.
2,block
1,would
1,with?
1,onStart().3.
2,image
4,no
1,generic
1,intended
1,IsValidRingID
1,let
1,help
1,optimisation
1,respective
13,log
61,if
20,changes
2,Should
72,not
1,observeForever
1,properly.
1,leak.
1,isIMUSupported
9,work
27,required
2,cause
1,Inside
3,personal
8,done.
45,will
1,how
56,as
3,integration
8,Need
3,discuss.
2,Don't
1,intuitive.
1,refresh
2,format.
22,Move
5,update
2,common
2,""Previous""
30,add
2,conflicts
1,InvalidChargerInfoFragment.
68,code
31,use
1,develop.No
2,apply
10,same
3,static
2,values
2,""Prev""
4,tracking
1,val
1,fails.
1,generic.
1,refreshBrushingData
2180,Additional
1,pending
3,full
3,context
1,continueClick
4,time
2,adding
5,corresponding
2,Firebase
189,to
1,result
3,returns
2,information(name
2,TIME
9,verify
1,across
1,Let's
220,the
3,contains
1,work."
1,assets
1,Pass
11,string
1,observe.
33,please
63,can
3,data
3,"
1,confusing.
1,TextView.doUnderline()
1,UPG
1,22
3,performance
1,options
1,[]
1,recommend
1,b
3,right
1,standard]1.Do
10,true
1,""Build.VERSION.SDK_INT
16,test
10,cases
1,present.
1,enabled.
1,started.
1,logging.
1,control.
4,merging
1,u
74,it
2,yes
1,""onDateSelectListener""."
1,TuscanyLog
58,for
39,all
2,possibility
9,or
2,firebase
1,"verify
12,return
1,own
70,be
1,iD
1,Let’s
1,cover
14,handled
1,renamed
1,margin/padding.
1,ever
121,is
1,fetchFirst()
1,position.
6,just
8,out
1,"Found
2,none
14,removed
36,Remove
6,import
4,"Do
2,shared
1,reviewer
1,""appStateOrionKilledToBackground""
2,{
1,yes.
2185,No
2181,Comments
4,now
1,""insurance_name""
19,here
1,expected
26,Why
2,RapidClickDetector
3,“UTF-8”.
1,commenting
1,country_products.json
3,login
1,easier.
1,getter
12,user
1,@Override
4,again
2,until
5,What
1,lifecycle
2,checklist
1,sensitive
124,in
6,avoid
2,return.
1,Build
2,"Revert
30,file
2,ArrayUtils.toPrimitive(completedSubSegmentsList.toArray(new
1,android
16,that
8,app
50,a
4,product
5,both
9,different
1,screen"
1,aware
1,currentBottomNavItem.
1,issues
1,amount
10,function
1,Shantanu
19,Revert
25,on
2,Invalid
2,library
1,Used
1,reminding
1,Interface
1,Return
5,We
9,after
1,point"
1,background.
1,module.
2,&
1,date
1,starting
1,error."
1,resetFWUpdateNotificationPreferences
2,folder
10,fragment
1,viewPump
1,Dulce."
1,Redundant
1,used.
13,code.
1,Raise
1,compareToIgnoreCase
46,API
2,removal
1,reduce
5,PR
1,"Dead
3,RC
6,comments
2,8.0.0
1,visible
31,This
5,OE
3,about
5,null.
1,TestActivity.java
2,could
1,either
2,another
2,>=
5,Add
1,token.
1,?make
4,part
16,move
11,do
4,similar
1,indicate
2,May
21,If
2,app.
19,Resolved
1,intentionally.
1,readablility.
3,brushing
2,"Text
2,time.
1,MO?
1,replacing.
1,Now
1,brusing
9,=
2,zone
1,isIMULockUISupported
54,check
1,previous
1,Main
2,"For
1,comment.
1,viewgroup
6,think
1,advantages
6,Same
1,compared
1,left
2,applicable
2,sent
6,here.
1,FINE_LOCATION
14,there
1,listener."
6,create
34,are
1,tags.If
1,developer
12,any
2,easy
1,english
2,cancel
2,upgrade.
8,unused
1,"Allow
4,resources
1,theme
1,getActivity().getSupportFragmentManager().popBackStackImmediate()
21,was
1,in-app
1,Revision
11,related
7,this.
1,tracked
1,&&
17,need
2,duplication.
14,line
4,merge
1,troubleShoot
5,argument
1,consumes
2,files"
1,integration?
2,All
10,I
1,way
2,lint
2,avoided
2,happening
1,react-native-gesture-handle
1,found
1,package2.
1,sdk
5,UI
1,<
1,M(23)
1,BH_ATTACHED"
3,It's
19,condition
4,at
1,converted
4,fixed
5,few
1,sending
2,places.
1,intentionally
16,have
1,e.g.
3,package
4,comments.
1,in-order
1,8.0.0.
17,these
1,"Keep
1,tester.
1,RNGestureHandlerButtonViewManager
15,class
1,go.
3,under
1,required?
1,file2.
5,conditions
1,flow.
1,observed
1,authentication
1,Build.VERSION_CODES.LOLLIPOP"".
69,we
1,View.OnClickListener
1,Not
1,those."
1,These
34,from
1,Translate
1,react
1,"[Error
1,initialisation
3,write
1,(CONFIG_DOWNLOAD_TIME_OUT).
1,native
2,onContinue()
2,iOS
2,change?
1,SensorDataReceiver
2,understanding.Also
1,lib.
32,should
1,BH
2,them.
3,impact
1,XButton
8,version
1,plan
1,not.4.
1,Others
1,gets
1,lib
3,BrushHeadUtils
30,which
3,implementation
2,include
2,tests
1,getProductSuggestionShouldDisplay()
2,launching
2,called.
1,Deepa
2,know
1,+
2,possible
1,ringid/modelid
1,Integration-Branch.
1,shanghai/tyscany
2,model
1,ids
2,"We
1,WebAgreementLink
12,Check
1,braces.
1,scrum
1,Club
11,As
1,Filehelper.readFile(filepath)
2,fails
5,method.
1,Integration
1,helper
8,How
2,similarly
17,Can
12,variable
2,function."
21,you
7,it.
1,Validation
1,tuscany
1,heads.
1,annotation
49,of
1,String
2,cases.
7,where
1,safe
6,Nebraska
1,Manager
3,key
1,refreshLoginSessionHandler.forcedLogut()
4,better
1,who
1,excluded"
1,due
7,Is
1,duplicated?
1,ring
1,action.
5,set
4,up
94,and
1,provide
1,MO
1,resource
2,Brush
1,:return
6,So
10,added
2,imports
1,Util.java
1,(@<CODE1\310212122>
2,int
6,side
1,(August
9,comment
2,mode
1,"Format
3,it's
1,enableConsent()
6,brush
1,rawSensorPacketListener
5,Rename
1,buttonNote
1,heads.)
1,body
1,""Products"":
1,trust
1,bug
1,Once
2,isSessionDataPriorThreshold
2,defect
1,TuscanyLog.printStackTrace
2,continue
1,To
1,Verify
1,"Disabling
2,attach
1,Osaka
4,pull
1,stored
1,Default
2,core
1,bot
2,release
1,(Do
1,Ask
2,request
1,wise
1,readability.
1,Done.
2,Will
1,Its
5,merged
1,test.
1,CDI
2,…
1,clickable
12,testing
1,getArguments().getString(""caretype"")
1,results
1,refer
1,type
1,GOT
1,positive
1,grater
1,pass.
1,feedback
1,arrow
1,"[Readability]Move
3,private.
1,analytics.https://docs.adobe.com/content/help/en/analytics/components/variables/dimensions-reports/reports-conversion-funnel.html"
2,team.
2,logs
4,..
1,debuggable
1,created
1,buildType
1,formatting
32,?
1,ConsentType.MOMENT.
3,Other
1,IS
5,listener
1,still
1,ProductsConfiguration
2,valid
2,thread
1,""specialEvents""
12,done
5,them
9,has
2,fetch
1,formatted
1,without
2,hole
1,getStringResourceInEnglish
5,go
1,seperate
1,RCA
1,setPreference()
1,deeplink
1,"Replace
57,Please
8,revert
1,Yes.
1,integration.
1,Just
2,taking
3,branch
1,DD_INTERNET_ERROR_DIALOG?
1,TYuscanyUtils
2,fill
1,constructor.
2,file"
1,API2.
10,duplication
1,checklist.
4,"Move
1,document
1,const
1,trigger
3,class.
1,IDs
3,single
1,testers
13,commented
2,utility
1,case.check
1,complexity?
1,permission
2,Put
3,per
2,deprecated
1,"Always
15,null
1,getDevice
1,momentTimeStamp
2,Cross
2,SessionManager.this
2,formatting"
3,outside
13,once
1,""ProductRecommendations"":
1,CPD
20,name
9,Use
14,by
1,adapterView
1,getBrushingModeOnRoutineNumber()
2,matching
2,Alarm
1,getBundleForDeviceOnBoardFlow()(
6,mentioned
3,place
1,entry
1,scenario.
1,PathSelectorFragment
6,tag
2,plan.
3,Changes
2,suggested
1,isRingIdSupported
1,catch
1,convention
3,also
1,there?
1,Refer
1,ACCESS_COARSE_LOCATION
8,when
1,supported
40,with
1,link
4,change.
3,After
1,defined.
1,area
2,meaning
1,disabled.If
10,required.
3,above
1,Directly
3,line.
1,Analytics
2,preprocessing
1,popBackStack
4,There
2,crash.
3,3
2,difference
2,between
1,TestCase
5,strings
2,java.
20,logic
10,rename
1,Checklist.
8,handle
1,updateUiState
4,logged
1,Duplication
1,Reformat
7,Added
4,purpose
1,[]2.
1,original
7,Also
2,Define
2,MouthRins
1,Format
1,correct
10,instead
7,.
1,""HUNDRED"""
2,fail
8,inside
1,firebasePushNotificationRegistration()
1,written?
1,texts
1,TuscanyUtils.checkPrivacyNotice
1,implemented
3,timing
3,Comment
11,given
1,page
1,handleUnknownState()
8,already
1,??.
15,only
1,elements
4,assign
1,Product
1,variable.
1,logic:
1,navigating
1,updates.
15,case
10,Do
1,FeatureProvider
2,classes
1,"check
1,""if""
5,delete
1,operations
1,performed
1,PR.
1,Jenkins
1,"Pass
2,"[coding
1,resultDate
1,DRS
1,postCurrentBleStatus()
3,handling
1,renaming
1,By
1,"Use
1,executed
1,compare
3,template
1,withDateUtil.getDaysFromNow(HelperConstants.DATA_PURGING_DB_NO_OF_DAYS"
1,call.
1,"1.Format
1,codes
1,currently
1,2.
2,response
3,Dead
1,getting
1,Fortify
1,Dispose
1,listeners
1,consider
1,Integation-Shanghai
1,useful
5,make
6,removed.
1,team
3,private
1,handler
1,emitter.onNext(true).
1,getServiceDiscoveryNamesByRingID"
8,files
15,call
1,string.
1,TuscanyUtils.isUserLogIn(getContext())
1,assets.
7,back
11,get
10,It
1,handleDrsDialogOnAppUpgrade.
1,emitter.onNext(true);
1,solutionJsonString
1,places."
5,switch
8,Code
1,OnDismissListener2.
1,behaviour
1,appropriate
1,getModeValueForAnalytics()
4,one
1,give
3,exist
2,1
3,here?
1,Context
1,ID
1,openUrlInExternalBrowser.
1,Approved
3,based
4,drawables
1,ArrayListToArrayUtilTest.java
1,verification
2,gson
1,SplashInsurancePresenter.java.
2,"can
1,verified
1,me.
2,setting
2,accordingly
1,organized
4,fix
1,fragment.Also
2,style
6,put
1,}
1,it."
2,understanding
17,:
1,With
1,Link
2,fragment.
1,folder.
1,observer
2,logout
1,knowledge
1,Shanghai.
1,Memory
1,utils
1,array."
1,Leak
3,Optimize
3,Where
3,view
2,doing.
1,solutionSelectionLayout
1,android:layout_weight=""1""
1,handleFeature
2,design"
9,so
1,android:layout_height=""0dp"""
1,accessibility
4,layout
2,they
1,fragment.Override
1,tabOrdinal
5,dialog
1,ClickableSpan
4,Make
1,conflict
2,purge
1,dialog.
1,protocol
1,mouthrinse
1,""MO""
4,The
13,present
8,why
3,When
4,take
3,manager
3,care
1,assigning
5,warning
1,currentLocationPermissionResult
1,"What
1,prompt.This
1,confirmation.
2,dont
1,UserAgreementLink
1,try
1,print
1,Stacj
1,trace
1,debug
1,block.
1,opens
4,while
1,enable
1,tracing
1,exception.Please
3,creating
1,@SuppressWarnings(""deprecation"")
1,exception
1,the.
16,value
2,case."
1,assigned
9,consent
1,tongiueclean
1,proceed
2,used?
3,places
1,getSessionForCloudUpload.
4,such
8,alignment
1,others.
2,effect
1,URL
1,clean
10,before
1,Sindu.
1,size."
1,explore
11,lines
1,UpgradeFileDownloadTaskListener
1,y0
1,group
1,referred
1,iOS.
4,pass
7,separate
3,{}
2,function.
1,story
1,TW""
1,comparison."
1,""HK
2,language
1,Deregister
1,2018-11-22Locale
1,PO
4,problem
3,hard
1,No.
10,""UTF-8""
5,build
1,Rama's
8,issue
2,see
2,progress
1,suffix.
7,latest
1,uncomment
4,missing
3,doing
2,asset
4,changed
1,restricting
1,ends
14,other
1,"is
1,datas
4,whether
4,available
2,through
1,assignment.
1,handlefeature.
1,[Readability]2.
7,analytics
3,Name
1,key.
3,item
1,data"
4,space
1,piece
3,[Design]
5,"StandardCharsets.UTF_8
1,HomeActivtiyViewModel
4,because
3,In
3,future
1,required"
6,array
1,tab's
3,staging
1,thing
1,[Readability]
1,targeting
1,data?
1,"[Readability]
3,want
1,idea
4,extension
1,function:1.
2,Create
1,reset
5,called
1,UiExtensionFun
2,functions
2,into
1,possible.
1,A
1,Attach
1,different.
1,Example:-
1,push
5,Change
1,TextViewExtension.kt
2,[Unit
2,wrong.
2,Test]
1,Write
1,Test
1,ProgressReportProcessorTest.kt
1,code?
3,Instead
1,can't
3,passed
1,Bits
1,Override
1,child
2,Consent
1,Shanghai
1,recycler
8,like
1,Onboarding
1,register
1,Clarification
3,searching
2,"Check
10,using
1,"[Design]1.In
1,performed.
1,BaseFullScreenDialogFragment
6,"Added
2,expose
1,SIGNATURE
2,club
1,thats
2,troubleshoot
1,status
1,p
1,fragments3.
2,dismiss
1,dialogs
1,getHandleImageSmall.
1,tryAgain()
1,devicesetup
2,presenter
1,package"
1,Handling]
3,understand
1,images
1,param
1,HandleInfoReader.java
4,token
2,==
2,notification
2,break
1,registration
2,Wrong
1,""token""
1,enclose
1,an
1,Validate
1,"[NFR]
2,API.
1,land
2,preference
6,then
1,30
1,Dental
1,otherwise
3,every
1,launch
1,hit
1,Param
1,Allow
1,server
1,triggered
1,that.Note
1,onNewToken(final
4,order
1,FirebaseMessagingService
1,rx
2,Based
1,Firebase."
2,checks
1,Track
2,showing
1,TICS
4,first
1,placed
1,sendAnalyticsForPrompt()
2,down.
1,case.
1,blocking
1,gradle
1,Align
1,standard]
1,string.xml
1,font.
1,DefaultBLEConnectionStatusListener.
3,case"
2,consent.
1,fonts/centralesansbook.ttf.Also
8,review
4,looks
3,"Why
1,fine.
10,Fix
1,allignment
2,"Make
2,click
2,empty
1,activity.
3,white
2,"optimise
1,master
1,updateUIState
1,process
1,uiVisibleState.
1,negation
2,Correct
1,gdpr
1,Method
2,alignment.
3,multiple
1,PMD
12,may
1,Callisto
2,name.
1,good
1,target.
4,Keep
1,isEnabled);"
1,Ex
3,working
1,NUM_ITEMS
5,-
1,etc.
4,its
1,auto
5,duplicate
2,match
2,screen
1,naming
1,fragments.
2,span
1,files.
1,device-specific
1,avoiding
1,hardcoded
1,"Optimize
1,dimen
1,define
1,"It's
1,PreferenceKeys.java
2,format
1,putting
5,xml
2,title
1,mechanism.
3,local
1,regression."
1,being
1,set.
4,really
2,additional
1,relative
1,layout.
1,warning.related
1,default
2,align
1,ScrollView
2,point
1,web
1,file.Also
1,object.
1,let's
1,functional
1,Checklist
1,API..
1,arguments
1,resetFirmwarePreference
1,OnSingleItemClickListener
1,headers
1,upgraded
1,ViewListeners
1,addition
1,package.
1,green
1,INVALID_SIGNATURE
1,"instead
2,error
1,AlertDialogFragment).This
1,ringId
2,TongueClean
1,tongueclean
1,reactivex
1,guarantee
1,lib?
1,accordingly.
1,notificationRemove
3,Lets
4,discuss
1,before.This
1,isLiveBrushingSupported()
1,necessary
6,new
1,User
1,fewer
1,scores
1,Clear
1,shows
1,execute.
2,complete
2,OFFLINE_SESSION
1,condition.Replace
1,@<CODE1\310212122>
4,"This
8,needs
1,details.
1,Products.java
3,"1.
1,refreshCb
1,""insurance_id""
1,From
1,Plus
2,country
3,json
1,"Is
6,2
1,config
6,story.
4,more
1,saw
3,deleted
3,later
1,where.
1,rules
1,?.
1,Functionality
1,baseFragment
1,""getHSDPUUID()"""
1,Break
1,recommendation.
1,he
1,happens
3,1.
2,PRODUCT_SUGGESTION_DISPLAY_FLAG
1,provider
3,correctly.
1,dev
2,SharedPreferencesHelper.java
1,file3.
3,upgrade
1,actual
1,swich--case
2,""productRecommendations"":
1,???"
1,Recommendation
1,Developer
1,tested
1,activity
1,parse
2,clear
1,dead
2,changes.
2,also.
1,onOnBoardingQuestionsLoaded()
1,file?
1,live
4,updated
1,SD
1,is.
1,getHSDPUUID
1,2000;
5,?"
2,zone.
11,check.
1,alignments
1,tagged
1,blank."
2,name)
2,postponed
2,processed
1,fail.
4,plz
4,methods
5,You
2,Give
5,constant
2,4
1,4?
2,isValidRingId
2,2nd
7,head
1,setter
1,Integer[0]));
1,brushHeadNameStringKey"
1,Are
2,Any
4,replace
1,support
2,>
1,15"
2,getProductUrl
1,case.try
3,warning.
1,getServiceDiscoveryNamesByModelID"
1,reuse
1,decompose
1,(Every
1,etc)
1,helps
1,loops
1,become
1,getModeValue()
1,Required
1,track
1,initialisation.
1,business
1,TuscanyBLE
1,intent
1,baseFragment.getActiveTabFragment();
1,able
1,reproduce
2,did
1,destroyed.
4,two
1,locations:
1,Good
1,androidTest/assets
1,test/resources.
4,Delete
1,toLowerCase
2,now?
1,duplicated
1,updateTime.toLowerCase()
1,toLowerCase(Locale.getDefault())"
1,declared
1,Refactor
1,lines.
1,calendar
1,pSelect
1,onDraw.
1,finding.
4,GDPR
4,moved
8,below
1,getBrushHeadTitleId
1,https://tfsemea1.ta.philips.com/tfs/TPC_Region28/POHC/_git/TuscanyAndroidProduction/pullrequest/4631?_a=overview.
1,"Just
2,Only
1,DateFormat.MEDIUM
1,Localefor
1,exampleLocale
1,further.
1,FRENCH
1,solution
1,nov.
1,page.
1,2018Locale
1,GERMANY
1,22.11.2018Locale
1,CHINESE
1,consent.Check
1,CANADA
1,?Collections.max
1,22-Nov-2018Locale
1,:Code
1,running
1,ITALY
1,22-nov-2018Locale
1,method.The
1,TAIWAN
7,keep
1,2018/11/22"
5,might
1,Discussed
1,Santanu.
1,core-ktx
1,Rather
2,than
1,}"
1,funnels
1,users
2,flow
1,path
1,issue.
1,breaks?
1,"Not
1,Crashlytics
1,but
1,tuscanylog
1,adobe
1,along
1,Sure.
2,alarm
1,on.
1,reminder
1,components
1,number
1,isca
1,IOS
4,discussed
1,Waiting
1,Resolve
1,selected
1,proceedLogoutSuccess
1,boy
1,dismissing
1,scout
1,rule
2,UI"
1,now.
1,included
1,stage.
1,OK
2,"If
1,""getInsuranceName()""
1,OnvzDeepLinkHandler
1,""@VisibleForTesting""
4,StandardCharsets.UTF_8
1,required?"
1,Naming
1,Convention
1,Delta
1,Calendar.getInstance();
2,modified
1,scope.
2,Looks
2,confusion
1,optimise
1,am
1,referring
1,OnvzDeepLinkHandler?
1,configuration
1,AnalyticsConstants
1,teaser
4,screen.
2,never
1,skipped
1,chances
1,setup
6,Review
4,api
4,been
1,inverted
1,sure
1,flows
1,AdQuestionnaireFragmentView.java.2.
1,resetInvalidChargeData()
1,SonicareConsentManager.
1,;"
1,0
1,send
1,data.
1,here.So
1,OS
1,triggered."
1,Foreground
1,They
1,background."
2,"Code
2,moving
2,false.That
2,background
2,foreground
1,remove.We
1,logic.
3,returning
1,charger
7,resolved
1,bundle
1,info
1,Similar
1,processing
1,override
1,immediately.
1,helpText1
1,helpText2
1,reverted
1,com.philips.cdp.ohc.utility.UtilityAppContext
4,variables
2,button
10,some
1,optimised
1,written
1,SCAN_ERROR
1,"Lets'
1,channel
1,compares
1,Brushing
1,application
1,very
1,(topFragment
7,device
1,instanceof
4,functionality
2,"Brush
1,blocked
1,here."
1,condition.
1,3rd
1,Otherwise
1,getApplication
4,scenario
5,lead
1,@<CODE1\320050579>
1,memory
1,build?
1,Completed.
4,size
1,parent
1,String.valueOf(amnt)
1,Build.VERSION_CODES.O
1,Asked
1,merged.
1,"compareToIgnoreCase
1,Device.java
2,""2.2.1""
1,easier
1,together?
1,SonicareDialogType.DRS_OFF_FOR_X
1,Tools
1,29.0.2
1,setEnabled."
1,2019)
1,requirement
1,recheck
2,versions
1,libraries?
1,Like
1,1.1.0
1,appcompat.
1,stable
1,Integration-Shanghai
1,again.
1,onAnimationEnd()
2,interface
2,added?
2,onboarding
1,static"
1,OnboardingMyPrivacyFragment.java.move
1,ADDataCoreDialogFragment.java
3,ADDataConsentFragmentView.java
1,"App
2,DB
2,20
2,21
1,handled.Scenario
1,digit
1,Implement
1,questioner
2,supported.
1,Data
1,upload
1,"Can
2,not.
2,dpchannel
1,updatePersonalConsetn(postConsentCallback
1,well.
1,Descriptions
1,script.
3,OSLO
1,my
1,Did
2,well
2,shown
1,makes
1,user.
1,Undo
1,name."
1,connector
1,On
3,show
1,defined
1,optimize
1,store
1,changed.
1,disable
1,""true""Please
2,Json
3,many
1,missing.
1,inactive.
1,templet.
3,!=
1,-1
1,"Below
2,""ProductRecommendations_Support"":
1,""false""2.
2,check."
3,me
1,Blackduck
1,Tongue
1,hence
1,Mouth
1,Rinse
1,recommendation
1,boolean
1,consents.Use
1,implementation.
1,differentiate
1,OSLO/OSAKA"
1,false
1,argument.
1,marking
1,SonicareConsentManager.java
1,Replace
4,feature
1,isLivebrushingSupported()
3,wrong
1,featureProvider's
1,isLivaBrushingSupported
1,API.Also
1,initView
1,onStart()
1,specific
1,reason.
1,"As
1,buttons
1,always
2,enabled
1,calling
2,oslo
3,state
1,privacy
2,rejected
1,getDeviceToFilterConsent
1,mouthrins
1,fail.A
2,shanghai
1,on-boards
1,expected.
1,him
1,wrong."
1,onBackPressed.
1,Both
1,giving
2,same.
1,ben
1,your
1,work.
1,isChecked
3,much
1,retain
1,their
1,state."
2,code.Also
2,UtilityAppContext.getContext()
1,optimized
2,sting
3,OSAKA
1,ArrayListToArrayUtilTest
2,firmware
2,hide
1,Retest
1,automatically.
1,time.Please
1,remove."
1,anyway
1,isValidHandle
2,util
1,Either
2,statement
1,isIMUSupported.
4,public
2,access
2,specifier
2,isOfflineSessionSummary
1,supportScanFilter
1,Build.VERSION.SDK_INT
1,isExpertClean
1,Oslo
2,medium
1,modes
1,Introduce
1,array.
1,Similarly
1,isLiveBrushingSupported
2,normal
1,BleConnectionInfoListener
2,init
1,...else
1,profileGoal
1,profileGoal.getStatus()
1,Handled
1,DBConstants.GOAL_STATUS.ACTIVE.ordinal();"
2,Tuscany
1,DFU
1,Macau
3,once.
1,optimised.
1,came
1,!
1,raised
1,ticket
1,run
5,Junit
3,convert
1,doesn't
3,dependency
2,doesn’t
1,dependent
2,header
1,holder
1,2.11.1
1,BLEConnectionActivity.this
1,lots
1,currentState
1,ProductConfiguration
1,ourselves
1,explicitly
1,Aimee
2,"text
1,exactly
1,interval.
2,example
1,30days
1,interval
2,31st
2,day
1,triggers
2,happen
2,updateOrderButton(true)
1,BH"
1,isOsloAssociated()
1,implementation.Both
1,FindBugs
1,Static
1,analysis
1,analysis."
1,onboarded.
1,""UTF-8"".
1,peace
1,current
1,final
1,var
1,MIN_TIME_GAP_FOR_IMU_LOCK
1,BrushHeadListener
3,position
1,life
1,difficult).
1,means
1,values-it/strings.xml
1,miss
1,exist.
1,hold
2,ArrayUtils.toPrimitive(finalVisibleSubSegmentsIndexList.toArray(new
1,String.format
1,confirm
1,%s
1,Suppress
2,global
1,conflicting
1,sub-press
7,suppress
1,helpful
1,arrayListToPrimitiveInt
1,getCount()
1,DRS_PAGE_COUNT;
1,remobved
1,x1
1,Imp
6,TuscanyConstants"
1,impact.
1,before.
1,Java
3,Integer[0]))
1,title_activity_test
1,TestTuscanyApplicationActivity.java
1,calendar.
2,Calendar
1,obj."
3,“UTF-8”
3,TuscanyConstants
1,device_list
1,array.xml
1,6.4.0
1,branch.
1,posting
1,strings.
1,comparing
1,compareVersions()
2,""2.11.1""
1,dot
1,Hence
1,perform
1,HP
1,terms
